{
  "hash": "5d427bba",
  "configHash": "aa5afc45",
  "lockfileHash": "cfb9279e",
  "browserHash": "d921fa70",
  "optimized": {
    "@angular/core": {
      "src": "../../../../../../node_modules/@angular/core/fesm2022/core.mjs",
      "file": "@angular_core.js",
      "fileHash": "471908bd",
      "needsInterop": false
    },
    "@angular/platform-browser": {
      "src": "../../../../../../node_modules/@angular/platform-browser/fesm2022/platform-browser.mjs",
      "file": "@angular_platform-browser.js",
      "fileHash": "a38cb891",
      "needsInterop": false
    },
    "@angular/router": {
      "src": "../../../../../../node_modules/@angular/router/fesm2022/router.mjs",
      "file": "@angular_router.js",
      "fileHash": "4eaeff88",
      "needsInterop": false
    },
    "@angular/forms": {
      "src": "../../../../../../node_modules/@angular/forms/fesm2022/forms.mjs",
      "file": "@angular_forms.js",
      "fileHash": "23281e56",
      "needsInterop": false
    }
  },
  "chunks": {
    "chunk-MVL4X3OY": {
      "file": "chunk-MVL4X3OY.js"
    },
    "chunk-5P6ITET7": {
      "file": "chunk-5P6ITET7.js"
    },
    "chunk-ADJQCICN": {
      "file": "chunk-ADJQCICN.js"
    }
  }
}